{".": [-1.4537339210510254, 12.999706268310547], "und": [-0.5376794934272766, 12.237663269042969], "sich": [-1.668290138244629, 10.467053413391113], "katzenstein": [-2.9121296405792236, 12.351655006408691], "ein": [0.7743545174598694, 11.574396133422852], "kati": [-3.131089687347412, 11.678632736206055], "katharina": [-2.817307472229004, 10.956323623657227], "zu": [0.5718599557876587, 24.77983856201172], "sie": [-0.9115486741065979, 8.421732902526855], "mit": [-1.6994725465774536, 14.004656791687012], "nach": [-10.99609088897705, 8.091642379760742], "eine": [32.8570442199707, -18.91508674621582], "der": [-4.696791648864746, 15.218770980834961], "frau": [-3.882476806640625, 11.77526569366455], "heute": [4.463111400604248, 14.84835433959961], "unsere": [-3.607576847076416, 10.92225456237793], "heldin": [-2.333362579345703, 11.639081954956055], "einen": [32.849090576171875, -18.93572235107422], "die": [-4.029867172241211, 16.319650650024414], "macht": [-7.741278171539307, -3.5639126300811768], "dem": [-5.627551555633545, 14.478550910949707], "auf": [-0.7067052125930786, 7.888932704925537], "an": [4.565420150756836, 15.447624206542969], "gibt": [29.06428337097168, 12.52428913116455], "es": [29.18653678894043, 12.809256553649902], "zwar": [29.847063064575195, 13.501630783081055], "am": [-34.36859893798828, -12.534272193908691], "zuhause": [7.347794055938721, -2.287000894546509], "dann": [-8.817484855651855, 3.7609105110168457], "als": [-10.49154281616211, 4.912222385406494], "n\u00e4chstes": [-8.453237533569336, 4.165468692779541], "danach": [-9.12644100189209, 4.101416110992432], "zum": [-6.16610860824585, 32.156890869140625], "geht": [-0.1881982535123825, 21.153743743896484], "fu\u00df": [-2.907095432281494, 21.46852684020996], "fr\u00fchst\u00fcck": [26.476985931396484, 13.741089820861816], "begibt": [12.09754467010498, 14.933134078979492], "abendessen": [26.96888542175293, 13.980351448059082], "ist": [-19.688968658447266, -29.43773078918457], "f\u00e4hrt": [-0.6636312007904053, 19.78240966796875], "ihre": [-5.908015727996826, 18.31626319885254], "bett": [-1.32758629322052, -18.558988571166992], "um": [-33.40913391113281, -12.399243354797363], "glas": [34.88972091674805, 2.070044755935669], "anschliessend": [-8.177428245544434, 2.696185350418091], "diesem": [2.2144885063171387, 18.9858455657959], "aus": [-0.3294246196746826, -17.508176803588867], "das": [-8.272929191589355, 16.777490615844727], "in": [-4.097465991973877, 20.157808303833008], "sodann": [-8.131937026977539, 2.6355578899383545], "endlich": [-4.516650676727295, -2.3751862049102783], "vormittag": [-27.28085708618164, 10.41897201538086], "tasse": [37.05817794799805, 1.7041195631027222], "kleines": [25.77789878845215, 14.427212715148926], "abend": [1.1472010612487793, 19.36937713623047], "w\u00e4hlt": [23.52973175048828, -17.68248748779297], "l\u00e4uft": [-0.532555878162384, 20.594684600830078], "wecker": [-30.866342544555664, -20.694293975830078], "schnelles": [25.886180877685547, 14.833455085754395], "arbeit": [-6.465161323547363, 21.809675216674805], "zur": [-6.171938419342041, 23.18794059753418], "mittagspause": [-40.35696792602539, -2.4136908054351807], "weg": [6.806100845336914, 27.151235580444336], "diesmal": [4.505674362182617, 14.513280868530273], "ihrer": [-4.480116844177246, 27.021900177001953], "bleiben": [8.517753601074219, -2.4995973110198975], "mittagessen": [-40.43748474121094, -2.6531848907470703], "den": [-0.3468697965145111, 6.786779880523682], "essen": [-11.312102317810059, 7.56066370010376], "zieht": [-11.26589584350586, -7.601714611053467], "morgen": [-26.125900268554688, 8.50504207611084], "bereitet": [-6.968739986419678, -3.182079315185547], "tag": [-27.972156524658203, -23.38565444946289], "heimw\u00e4rts": [7.634462833404541, 16.941207885742188], "z\u00e4hne": [-19.0264835357666, -6.918516635894775], "kleidet": [-11.251270294189453, -7.606435298919678], "m\u00fcde": [-14.551444053649902, -31.838481903076172], "orangensaft": [32.35344696044922, 2.4007105827331543], "noch": [7.020125389099121, -1.6108498573303223], "gehen": [7.533262729644775, 27.851137161254883], "g\u00e4hnt": [-0.13697221875190735, -13.353303909301758], "ins": [1.6296242475509644, 27.168670654296875], "zufrieden": [-17.720508575439453, -32.8447151184082], "schlafen": [-18.035152435302734, -32.73271942138672], "z\u00fcgig": [-15.554740905761719, 4.721822738647461], "8": [-32.82421875, -16.055864334106445], "legt": [-13.35484790802002, -31.398977279663086], "hin": [-9.595688819885254, -31.98967170715332], "wohnung": [-4.082858562469482, 19.113298416137695], "b\u00fcrstet": [-11.228949546813965, -5.146979808807373], "topft": [-32.96859359741211, -11.340173721313477], "h\u00fcpft": [-0.9041117429733276, -16.09807014465332], "nachmittag": [-41.56048583984375, -2.0717570781707764], "allein": [0.8185175061225891, 26.107988357543945], "beschlie\u00dft": [6.1683149337768555, -2.1982152462005615], "alte": [-32.2026481628418, -20.514671325683594], "weckuhr": [-35.81320571899414, -15.894425392150879], "schreibt": [-43.89140319824219, -2.8877129554748535], "im": [-44.38542175292969, -2.4316139221191406], "b\u00fcro": [-44.84848403930664, -1.78934907913208], "eilt": [-1.038688063621521, 20.485641479492188], "pflanzt": [-27.26581573486328, 9.299155235290527], "qu\u00e4lt": [-1.6783987283706665, -14.79520034790039], "entscheidet": [5.006206512451172, -2.2805099487304688], "j\u00e4tet": [-26.51720428466797, 10.762443542480469], "putzt": [-10.697521209716797, -4.80102014541626], "bricht": [-2.2115960121154785, -10.823790550231934], "tr\u00e4gt": [23.533079147338867, -17.685983657836914], "giesst": [-26.77390480041504, 10.77333927154541], "arbeitsstelle": [-3.1346967220306396, 23.81441307067871], "g\u00e4rtnerei": [-3.2038912773132324, 23.859291076660156], "radieschen": [0.999106228351593, 12.185962677001953], "verl\u00e4sst": [-7.801107883453369, 17.095237731933594], "entschlie\u00dft": [5.006869316101074, -2.2916440963745117], "leichtes": [26.31195640563965, 15.020628929138184], "endg\u00fcltig": [-15.352518081665039, -31.499141693115234], "ersch\u00f6pft": [-15.179548263549805, -32.4114990234375], "reinigt": [-11.310927391052246, -4.907376766204834], "s\u00e4t": [-41.17991256713867, -3.0038022994995117], "uhr": [-33.376529693603516, -15.919565200805664], "wandert": [-5.513260364532471, 28.63040542602539], "gurkensalat": [38.37261962890625, 10.02066707611084], "morgens": [-35.7631721496582, -15.20800495147705], "bei\u00dferchen": [-19.32754135131836, -6.340452194213867], "schlie\u00dflich": [-18.441036224365234, -30.028778076171875], "ende": [-17.75677490234375, -27.689327239990234], "des": [-18.060747146606445, -28.436397552490234], "tages": [-18.54949378967285, -28.89084815979004], "kr\u00e4utertee": [38.99235916137695, 0.8056134581565857], "eingetroffen": [-4.977646350860596, -2.484929323196411], "mineralwasser": [32.442176818847656, 3.0176687240600586], "widment": [-12.09667682647705, 6.997739791870117], "k\u00f6rperpflege": [-12.939347267150879, 6.433797359466553], "arbeitsende": [13.270770072937012, 15.686592102050781], "getaner": [14.310652732849121, 15.864018440246582], "ihrem": [-5.136124134063721, 32.07866668701172], "kollegen": [-6.719934940338135, 33.28715896606445], "mittag": [-4.052700042724609, 28.472196578979492], "teller": [39.09122085571289, 10.925970077514648], "zwiebelsuppe": [37.216636657714844, 9.559727668762207], "schnellstem": [8.844136238098145, 16.98732566833496], "wege": [7.9344282150268555, 17.63119888305664], "langen": [-20.59261703491211, -29.116622924804688], "w\u00e4scht": [-14.857766151428223, 4.956719398498535], "duscht": [-14.972116470336914, 5.38787841796875], "heimweg": [7.268560409545898, 17.475357055664062], "feierabend": [13.099413871765137, 15.86993408203125], "rechtschaffen": [-14.380044937133789, -30.91382598876953], "butterbrot": [30.140296936035156, 11.085978507995605], "ihren": [-5.752030849456787, 31.500947952270508],