{"eine": [-3.080731153488159, -10.323760986328125], "ein": [-8.642502784729004, 16.17860984802246], "den": [-4.253565311431885, 8.799208641052246], "einen": [-4.252014636993408, 8.798585891723633], "die": [-3.073209524154663, -10.329851150512695], "vier": [13.20254135131836, -12.851058959960938], "drei": [13.193997383117676, -12.840282440185547], "das": [-8.63940715789795, 16.175039291381836], "jetzt": [-0.9439030289649963, 5.8736395835876465], "letztens": [-2.497466564178467, 5.685399055480957], "gerade": [-1.0151206254959106, 6.370340347290039], "neulich": [-2.732278347015381, 5.729737281799316], "gestern": [-2.5611648559570312, 6.1741790771484375], "vorhin": [-2.7370669841766357, 6.166116237640381], "nun": [-1.0129671096801758, 5.87939453125], "derzeit": [-0.7793957591056824, 6.320584774017334], "f\u00fcnf": [12.789386749267578, -12.48643684387207], "zwei": [13.599607467651367, -13.172375679016113], "schonend": [8.805100440979004, 16.563350677490234], "pfeifend": [-14.482512474060059, 13.514497756958008], "dreist": [-7.269746780395508, -13.635750770568848], "hochkonzentriert": [-8.389841079711914, -7.7548699378967285], "r\u00fccksichtslos": [-7.268054008483887, -13.637410163879395], "wortgewandt": [-8.397537231445312, -7.764062404632568], "kunstvoll": [1.1332306861877441, 18.088472366333008], "kalorienreich": [18.896621704101562, 0.18779899179935455], "pedantisch": [10.390533447265625, 12.191972732543945], "normgerecht": [-0.008222757838666439, -19.580678939819336], "fachgerecht": [-15.14892864227295, -5.1005473136901855], "lecker": [8.81186294555664, 16.555288314819336], "akribisch": [10.366162300109863, 12.216292381286621], "wortgewaltig": [-8.390478134155273, -7.761214733123779], "hochmusikalisch": [-14.478055953979492, 13.513737678527832], "gr\u00fcndlich": [-15.152958869934082, -5.107148170471191], "sachverst\u00e4ndig": [-0.006071870215237141, -19.573698043823242], "geschickt": [-15.15590763092041, -5.107613563537598], "sachgerecht": [-0.005210470408201218, -19.570466995239258], "frech": [-7.265468597412109, -13.639374732971191], "verf\u00fchrerisch": [18.891876220703125, 0.18723812699317932], "zuckers\u00fc\u00df": [18.909839630126953, 0.21283620595932007], "virtuos": [-14.47821044921875, 13.522705078125], "hungrig": [8.815616607666016, 16.5578556060791], "einfallsreich": [1.119219183921814, 18.09044647216797], "kreativ": [1.128299593925476, 18.09368324279785], "fachnerdisch": [10.407482147216797, 12.227294921875], "k\u00f6chin": [1.1427267789840698, 1.1039892435073853], "musikfreundinnen": [-9.11308765411377, 7.151947975158691], "diebe": [8.18929672241211, -8.827651977539062], "autorin": [-7.347485065460205, -4.001952171325684], "k\u00f6chinnen": [8.269213676452637, -1.4808181524276733], "dieb": [1.2370744943618774, -6.009658336639404], "kunstfreund": [-2.5869603157043457, 16.47028923034668], "konditor": [19.27178192138672, -2.761855125427246], "nerdin": [6.210989475250244, 12.637636184692383], "ingenieurin": [-2.4670073986053467, -15.047005653381348], "maurergesellen": [-9.064358711242676, 2.6105713844299316], "nerdinnen": [10.813373565673828, 6.005526542663574], "autor": [-6.816983699798584, -3.543586254119873], "maurergesellinnen": [-9.0896635055542, 2.623194694519043], "ingenieurinnen": [6.2895097732543945, -16.156484603881836], "ingenieure": [6.286515712738037, -16.16085433959961], "diebinnen": [8.21992015838623, -8.79460620880127], "musikfreunde": [-9.127591133117676, 7.144964694976807], "konditorinnen": [14.397076606750488, -7.5745954513549805], "diebin": [1.990585446357727, -5.64648962020874], "koch": [1.2374029159545898, 1.857330083847046], "autoren": [-4.665731906890869, 1.3864573240280151], "kunstfreundin": [-3.3840010166168213, 17.012996673583984], "musikfreundin": [-16.21278953552246, 7.2756781578063965], "k\u00f6che": [8.265779495239258, -1.4910434484481812], "maurergesellin": [-16.94708824157715, -0.31715127825737], "konditorin": [19.269805908203125, -2.9148643016815186], "autorinnen": [-4.65991735458374, 1.3381365537643433], "nerd": [5.862844944000244, 12.228761672973633], "konditoren": [14.3814115524292, -7.621135711669922], "musikfreund": [-16.52293586730957, 7.860100746154785], "kunstfreunde": [-0.9493006467819214, 12.30200481414795], "ingenieur": [-2.5419907569885254, -15.697237968444824], "kunstfreundinnen": [-1.0208086967468262, 12.419463157653809], "maurergeselle": [-16.930574417114258, -0.9697295427322388], "nerds": [10.801223754882812, 6.004086494445801], "so\u00dfe": [2.5861027240753174, -0.19353006780147552], "song": [-12.245710372924805, 6.972377300262451], "tresor": [5.595047950744629, -8.650022506713867], "anschreiben": [-5.41914701461792, -3.2669172286987305], "geldkoffer": [5.451623439788818, -8.193017959594727], "kurzgeschichte": [-3.4181430339813232, -5.255090236663818], "blumenmuster": [-0.8077266216278076, 14.985634803771973], "suppe": [2.524193286895752, -0.23211395740509033], "omlette": [2.6803269386291504, 1.6786960363388062], "krapfen": [14.756440162658691, -3.0987257957458496], "ersatzteil": [4.870310306549072, 9.362630844116211], "rosenkohl": [4.672151565551758, 0.7303715944290161], "tunnel": [2.521721363067627, -13.556038856506348], "wand": [-14.234055519104004, 1.2012159824371338], "flausch-o-meter": [5.380931377410889, 9.44520092010498], "roman": [-2.7629590034484863, -3.5401220321655273], "rock-oper": [-14.532201766967773, 6.613164901733398], "haus": [-15.817402839660645, 1.0099351406097412], "garage": [-13.893707275390625, 0.9166026711463928], "rennwagen": [2.5350873470306396, -13.558880805969238], "brandmauer": [-13.586565017700195, 1.2139579057693481], "br\u00fccke": [-0.39505937695503235, -14.156338691711426], "t\u00fcrsturz": [-12.239215850830078, -1.5870994329452515], "krone": [3.5453238487243652, -6.253865718841553], "klaviersonate": [-14.031551361083984, 6.421753406524658], "praline": [12.916890144348145, -4.330481052398682], "banane": [3.873734951019287, -5.985893726348877], "haiku": [-5.350021839141846, -3.610490322113037], "entwurf": [-1.5741608142852783, 20.240478515625], "matinee": [-14.179587364196777, 6.842626571655273], "eintopf": [4.7067389488220215, 0.2311447411775589], "blumenkohl": [4.993720054626465, 0.33363422751426697], "quartett": [-12.683436393737793, 8.986742973327637], "kokosnuss": [3.604109048843384, -6.690435409545898], "spritzkuchen": [14.124205589294434, -2.595600128173828], "geh\u00e4use": [4.758266925811768, 9.665902137756348], "konzert": [-12.731239318847656, 8.954108238220215], "schatz": [5.155604362487793, -8.67221450805664], "raumschiff": [0.9147452712059021, -12.702409744262695], "spiegelei": [2.6359598636627197, 1.7104737758636475], "stra\u00dfe": [-1.0583267211914062, -13.678715705871582], "muffin": [14.321345329284668, -3.2301104068756104], "reportage": [-3.4262025356292725, -5.265072822570801], "passwortgenerator": [6.8011064529418945, 7.388880252838135], "fassade": [-14.145445823669434, 1.7032692432403564], "apfel": [5.094677925109863, -8.327269554138184], "generalschl\u00fcssel": [6.256790637969971, 7.310619831085205], "\u00f6lbild": [-1.4881761074066162, 15.411300659179688], "quarkb\u00e4llchen": [14.740923881530762, -0.8397538661956787], "pfannkuchen": [4.9418487548828125, 0.7773988842964172], "windbeutel": [14.620429992675781, -2.6887309551239014], "mondrakete": [-1.1207895278930664, -14.089360237121582], "uhr": [4.248032093048096, -6.3428826332092285], "8bit-computer": [6.62075138092041, 7.129678726196289], "symphonie": [-14.421274185180664, 6.322871685028076], "liedzyklus": [-12.242122650146484, 6.959025859832764], "akt": [-1.5734232664108276, 20.23284912109375], "kuchen": [13.95440673828125, -2.9044220447540283], "8bit-spiel": [5.249650478363037, 9.754167556762695], "plakat": [-1.1517667770385742, 15.620119094848633], "ofen": [-12.176605224609375, -1.6759432554244995], "zimmerdecke": [-13.64713191986084, 1.6853140592575073], "walzwerk": [0.9057642817497253, -12.717248916625977], "theaterst\u00fcck": [-5.031546115875244, -3.649427890777588],