{"eine": [2.620910167694092, -5.332168102264404], "ein": [0.1907501220703125, -4.319465160369873], "den": [1.3923360109329224, -7.260990619659424], "einen": [1.393214464187622, -7.262025356292725], "die": [2.7407822608947754, -5.30571985244751], "vier": [-17.333194732666016, -2.289726495742798], "drei": [-17.344188690185547, -2.2424957752227783], "das": [0.1774839609861374, -4.301222801208496], "jetzt": [-1.847663164138794, -7.981712341308594], "letztens": [-2.9295871257781982, -5.6381988525390625], "gerade": [-1.2295297384262085, -8.337851524353027], "neulich": [-2.8682353496551514, -6.120244979858398], "gestern": [-2.4733035564422607, -5.483741283416748], "vorhin": [-2.3761510848999023, -5.941958904266357], "nun": [-1.7287744283676147, -8.376181602478027], "derzeit": [-1.3010387420654297, -7.883113384246826], "f\u00fcnf": [-17.234834671020508, -3.0605077743530273], "zwei": [-17.612159729003906, -1.548075556755066], "schonend": [6.800430774688721, -17.62990951538086], "pfeifend": [-14.6837158203125, 1.140031099319458], "dreist": [9.057140350341797, -3.417079210281372], "hochkonzentriert": [-10.749794006347656, -0.03388483077287674], "r\u00fccksichtslos": [9.211392402648926, -3.415848970413208], "wortgewandt": [-10.586827278137207, -0.01434357650578022], "kunstvoll": [-15.909137725830078, 6.069507122039795], "kalorienreich": [-9.265555381774902, -18.88568878173828], "pedantisch": [-15.331867218017578, -7.751044273376465], "normgerecht": [16.489166259765625, -4.987707138061523], "fachgerecht": [-3.9019861221313477, 15.796101570129395], "lecker": [6.916199207305908, -17.680187225341797], "akribisch": [-15.199251174926758, -7.858169078826904], "wortgewaltig": [-10.660036087036133, -0.11699759215116501], "hochmusikalisch": [-14.529996871948242, 1.096484661102295], "gr\u00fcndlich": [-3.924518346786499, 15.729056358337402], "sachverst\u00e4ndig": [16.53301239013672, -5.105972766876221], "geschickt": [-3.846665143966675, 15.605517387390137], "sachgerecht": [16.647729873657227, -5.002120494842529], "frech": [9.12420654296875, -3.4172983169555664], "verf\u00fchrerisch": [-9.084689140319824, -18.999370574951172], "zuckers\u00fc\u00df": [-9.233621597290039, -19.051002502441406], "virtuos": [-14.71146011352539, 1.1766754388809204], "hungrig": [6.846423149108887, -17.782794952392578], "einfallsreich": [-15.912298202514648, 6.246775150299072], "kreativ": [-15.762332916259766, 6.165162086486816], "fachnerdisch": [-15.213907241821289, -7.633049964904785], "koch": [6.387653827667236, -8.579139709472656], "musikfreunde": [7.501723289489746, 1.1883645057678223], "diebinnen": [12.854164123535156, 7.649935245513916], "autor": [-4.518359184265137, 5.314218997955322], "k\u00f6che": [12.66698932647705, -9.73518180847168], "diebin": [7.880039691925049, 7.998945713043213], "kunstfreundin": [-6.802210807800293, 10.296627044677734], "konditorin": [0.7237221598625183, -16.23236083984375], "nerd": [-11.45740795135498, -6.592239856719971], "ingenieur": [11.316617965698242, 0.9625122547149658], "maurergesellinnen": [4.8056464195251465, 17.390363693237305], "nerds": [-6.806802749633789, -8.304097175598145], "autorin": [-2.7690539360046387, 5.554961681365967], "maurergesellen": [4.7863335609436035, 17.348695755004883], "ingenieure": [16.65519905090332, 5.6424241065979], "ingenieurinnen": [16.633817672729492, 5.635103225708008], "diebe": [12.899585723876953, 7.646151065826416], "musikfreundinnen": [7.468388080596924, 1.1868433952331543], "konditoren": [0.5774421691894531, -20.292770385742188], "dieb": [7.249913215637207, 8.164966583251953], "k\u00f6chin": [7.743104457855225, -8.478592872619629], "autorinnen": [-7.970088481903076, 2.7994017601013184], "kunstfreund": [-7.021712779998779, 8.848349571228027], "musikfreund": [2.3519814014434814, 1.518424391746521], "k\u00f6chinnen": [12.646358489990234, -9.732246398925781], "maurergeselle": [-1.940871000289917, 9.99903678894043], "konditor": [-0.18678489327430725, -17.18375587463379], "autoren": [-8.038626670837402, 2.753359079360962], "nerdin": [-12.099424362182617, -5.915766716003418], "konditorinnen": [0.5711650848388672, -20.280349731445312], "musikfreundin": [4.539989948272705, 3.0619993209838867], "kunstfreundinnen": [-9.56187915802002, 13.804868698120117], "ingenieurin": [11.743816375732422, 2.21415114402771], "kunstfreunde": [-9.578544616699219, 13.783754348754883], "maurergesellin": [-0.16199660301208496, 10.097105026245117], "nerdinnen": [-6.899069309234619, -8.24471378326416], "so\u00dfe": [9.122184753417969, -8.987845420837402], "song": [2.4905941486358643, -1.459550142288208], "tresor": [8.081061363220215, 11.137036323547363], "anschreiben": [-5.4758195877075195, 3.980109930038452], "geldkoffer": [8.552462577819824, 11.481785774230957], "kurzgeschichte": [-1.8750380277633667, 4.638824462890625], "blumenmuster": [-9.105941772460938, 7.905929088592529], "suppe": [9.272375106811523, -9.045260429382324], "omlette": [5.38344144821167, -9.265541076660156], "krapfen": [-2.632347345352173, -15.172013282775879], "ersatzteil": [-9.687590599060059, -6.846256256103516], "rosenkohl": [4.117424964904785, -11.995720863342285], "tunnel": [13.51199722290039, -2.3524839878082275], "wand": [1.3135024309158325, 10.915863037109375], "flausch-o-meter": [-9.186954498291016, -7.1716227531433105], "roman": [-2.343369483947754, 1.777130365371704], "rock-oper": [5.909415245056152, 3.238130807876587], "haus": [-2.7607200145721436, 9.642099380493164], "garage": [1.8809953927993774, 10.946969032287598], "rennwagen": [13.51581859588623, -2.3811426162719727], "brandmauer": [2.169083833694458, 10.416961669921875], "br\u00fccke": [13.421160697937012, 2.275665044784546], "t\u00fcrsturz": [4.021031379699707, 13.301664352416992], "krone": [10.438244819641113, 7.907541275024414], "klaviersonate": [6.331842422485352, 3.559849739074707], "praline": [0.14999127388000488, -14.971757888793945], "banane": [9.923940658569336, 7.541365146636963], "haiku": [-5.357250213623047, 3.4637036323547363], "entwurf": [-11.011317253112793, 5.935264587402344], "matinee": [5.613494873046875, 3.7082855701446533], "eintopf": [4.216456890106201, -11.418832778930664], "blumenkohl": [4.746149063110352, -11.581869125366211], "quartett": [1.5885273218154907, 0.7586069703102112], "kokosnuss": [10.306503295898438, 8.494955062866211], "spritzkuchen": [-2.41184139251709, -14.611077308654785], "geh\u00e4use": [-9.249211311340332, -6.59565544128418], "konzert": [1.229316234588623, 0.5199313163757324], "schatz": [7.828907489776611, 11.624423027038574], "raumschiff": [11.832849502563477, -0.26351043581962585], "spiegelei": [5.340972423553467, -9.320426940917969], "stra\u00dfe": [13.736685752868652, 3.3056437969207764], "muffin": [-3.2400810718536377, -14.88044261932373], "reportage": [-1.9021481275558472, 4.696507453918457], "passwortgenerator": [-7.167708396911621, -11.036499977111816], "fassade": [1.6884467601776123, 10.043352127075195], "apfel": [8.215249061584473, 11.93176555633545], "generalschl\u00fcssel": [-6.453942775726318, -11.254047393798828], "\u00f6lbild": [-8.202688217163086, 8.146896362304688], "quarkb\u00e4llchen": [-1.3565930128097534, -17.448474884033203], "pfannkuchen": [4.612747669219971, -12.109662055969238], "windbeutel": [-2.6658480167388916, -14.07465934753418], "mondrakete": [13.950216293334961, 2.7198007106781006], "uhr": [9.713948249816895, 8.522845268249512], "8bit-computer": [-6.700595855712891, -10.777610778808594], "symphonie": [6.056851387023926, 4.057441234588623], "liedzyklus": [2.4704577922821045, -1.4831806421279907], "akt": [-11.023693084716797, 5.888638496398926], "kuchen": [-3.316762924194336, -14.259284019470215], "8bit-spiel": [-9.76644229888916, -7.316862106323242], "plakat": [-8.749037742614746, 7.446013927459717], "ofen": [3.7496063709259033, 13.032576560974121], "zimmerdecke": [1.1795291900634766, 10.336418151855469], "walzwerk": [11.833534240722656, -0.28132811188697815], "theaterst\u00fcck": [-4.968812942504883, 4.099798679351807],