{"eine": [-4.096568584442139, 0.23361161351203918], "ein": [-4.508192539215088, 1.176285743713379], "den": [-3.5521631240844727, 1.2240502834320068], "einen": [-3.5676002502441406, 1.1727473735809326], "die": [-4.036171913146973, 0.09657005965709686], "vier": [-6.004751205444336, -0.010998685844242573], "drei": [-6.006048679351807, -0.017779065296053886], "das": [-4.613584995269775, 1.2887647151947021], "jetzt": [-2.163663148880005, 1.039569616317749], "letztens": [-1.4947400093078613, 1.2481942176818848], "gerade": [-1.868312954902649, 1.5690439939498901], "neulich": [-1.49855637550354, 0.9896122217178345], "gestern": [-1.8840018510818481, 0.7985283136367798], "vorhin": [-1.7303721904754639, 0.8141446113586426], "nun": [-1.9778777360916138, 1.4751145839691162], "derzeit": [-2.165057897567749, 1.3569058179855347], "f\u00fcnf": [-6.092519760131836, 0.016011711210012436], "zwei": [-6.033555030822754, -0.09136549383401871], "schonend": [-0.008284090086817741, -5.023372173309326], "pfeifend": [7.504426956176758, -19.45743179321289], "dreist": [-10.823328018188477, -11.535903930664062], "hochkonzentriert": [-1.1504607200622559, 17.580272674560547], "r\u00fccksichtslos": [-10.805750846862793, -11.602054595947266], "wortgewandt": [-1.116923213005066, 17.472797393798828], "kunstvoll": [6.902987003326416, 6.751931190490723], "kalorienreich": [-9.821269035339355, 10.161349296569824], "pedantisch": [10.967302322387695, -6.207861423492432], "normgerecht": [-16.036151885986328, -1.2593865394592285], "fachgerecht": [18.31926155090332, 3.0300240516662598], "lecker": [0.004234827123582363, -5.02252197265625], "akribisch": [10.902429580688477, -6.178127288818359], "wortgewaltig": [-1.2087903022766113, 17.576271057128906], "hochmusikalisch": [7.48068380355835, -19.53184700012207], "gr\u00fcndlich": [18.170621871948242, 3.139796495437622], "sachverst\u00e4ndig": [-16.075754165649414, -1.2085641622543335], "geschickt": [18.177453994750977, 3.100207805633545], "sachgerecht": [-15.968825340270996, -1.3675395250320435], "frech": [-10.848709106445312, -11.479928016662598], "verf\u00fchrerisch": [-9.795771598815918, 10.169780731201172], "zuckers\u00fc\u00df": [-9.769484519958496, 10.061139106750488], "virtuos": [7.510814189910889, -19.481491088867188], "hungrig": [0.04106859117746353, -5.027462959289551], "einfallsreich": [7.025021553039551, 6.72618293762207], "kreativ": [7.0066986083984375, 6.6806135177612305], "fachnerdisch": [10.890129089355469, -6.228639602661133], "k\u00f6chin": [0.22448959946632385, -7.821974277496338], "musikfreundinnen": [8.337746620178223, -17.633771896362305], "diebe": [-11.226865768432617, -8.658454895019531], "autorin": [-1.5574769973754883, 20.363805770874023], "k\u00f6chinnen": [1.753456950187683, -6.529685974121094], "dieb": [-13.150605201721191, -10.257283210754395], "kunstfreund": [4.376855373382568, 8.11791706085205], "konditor": [-8.82754135131836, 7.630721569061279], "nerdin": [11.027456283569336, -8.769070625305176], "ingenieurin": [-18.605606079101562, -0.5656574368476868], "maurergesellen": [20.20453453063965, 2.1562108993530273], "nerdinnen": [8.501347541809082, -8.778152465820312], "autor": [-1.9029361009597778, 20.099647521972656], "maurergesellinnen": [20.21328353881836, 2.287940502166748], "ingenieurinnen": [-17.64670181274414, 1.07296884059906], "ingenieure": [-17.61306381225586, 1.0849266052246094], "diebinnen": [-11.107855796813965, -8.922099113464355], "musikfreunde": [8.306385040283203, -17.530006408691406], "konditorinnen": [-7.318322658538818, 8.90134334564209], "diebin": [-12.234021186828613, -9.614327430725098], "koch": [-0.13371434807777405, -7.636373043060303], "autoren": [-3.2270431518554688, 19.054134368896484], "kunstfreundin": [4.483713150024414, 7.380051612854004], "musikfreundin": [6.20900821685791, -16.472444534301758], "k\u00f6che": [1.6875360012054443, -6.534669876098633], "maurergesellin": [19.558195114135742, 1.0705386400222778], "konditorin": [-9.02296257019043, 7.3050761222839355], "autorinnen": [-3.0606563091278076, 19.044330596923828], "nerd": [10.062979698181152, -8.526329040527344], "konditoren": [-7.480339050292969, 8.948728561401367], "musikfreund": [6.563169479370117, -16.42902946472168], "kunstfreunde": [5.564414978027344, 8.3107271194458], "ingenieur": [-18.181428909301758, -0.5742166042327881], "kunstfreundinnen": [5.500176906585693, 8.274592399597168], "maurergeselle": [19.093873977661133, 1.0216089487075806], "nerds": [8.41370964050293, -8.842896461486816], "so\u00dfe": [0.357037752866745, -8.978978157043457], "song": [8.111823081970215, -16.003061294555664], "tresor": [-9.827341079711914, -8.46845817565918], "anschreiben": [-2.734455108642578, 20.098392486572266], "geldkoffer": [-9.837881088256836, -8.398415565490723], "kurzgeschichte": [-0.5256055593490601, 20.387453079223633], "blumenmuster": [4.988885402679443, 8.992838859558105], "suppe": [0.366619735956192, -8.998026847839355], "omlette": [-1.5041049718856812, -7.674799919128418], "krapfen": [-7.521484375, 7.662717819213867], "ersatzteil": [9.518999099731445, -9.418607711791992], "rosenkohl": [1.7464481592178345, -7.9307451248168945], "tunnel": [-19.289857864379883, 1.0724838972091675], "wand": [20.345701217651367, 0.45010361075401306], "flausch-o-meter": [9.496614456176758, -8.940472602844238], "roman": [-2.091538667678833, 21.256057739257812], "rock-oper": [5.412794589996338, -16.82025909423828], "haus": [18.654882431030273, 0.5164214372634888], "garage": [19.920320510864258, 1.10472571849823], "rennwagen": [-19.164501190185547, 1.0692377090454102], "brandmauer": [20.147769927978516, 1.3189232349395752], "br\u00fccke": [-19.85195541381836, -0.5108472108840942], "t\u00fcrsturz": [21.15419578552246, 2.3062446117401123], "krone": [-12.865464210510254, -8.85335922241211], "klaviersonate": [5.450074672698975, -17.272003173828125], "praline": [-9.303138732910156, 6.599256992340088], "banane": [-12.266077995300293, -9.105657577514648], "haiku": [-3.273620843887329, 20.179065704345703], "entwurf": [3.325835704803467, 8.165910720825195], "matinee": [5.4382829666137695, -16.858745574951172], "eintopf": [1.553226113319397, -7.888081073760986], "blumenkohl": [1.705912709236145, -7.901411533355713], "quartett": [6.733610153198242, -17.265562057495117], "kokosnuss": [-12.231077194213867, -9.047752380371094], "spritzkuchen": [-7.3756842613220215, 7.484071254730225], "geh\u00e4use": [9.528092384338379, -9.426764488220215], "konzert": [6.814833164215088, -17.11727523803711], "schatz": [-9.846443176269531, -8.329122543334961], "raumschiff": [-18.147815704345703, 0.15544165670871735], "spiegelei": [-1.5043233633041382, -7.687360763549805], "stra\u00dfe": [-19.84792709350586, -0.5466886758804321], "muffin": [-7.626027584075928, 7.868029594421387], "reportage": [-0.5736529231071472, 20.501867294311523], "passwortgenerator": [9.0962495803833, -7.9930243492126465], "fassade": [20.388525009155273, 0.28376007080078125], "apfel": [-10.332540512084961, -8.740547180175781], "generalschl\u00fcssel": [8.964216232299805, -7.7852983474731445], "\u00f6lbild": [4.552737712860107, 9.81523609161377], "quarkb\u00e4llchen": [-6.447188377380371, 8.329381942749023], "pfannkuchen": [1.2237498760223389, -7.434649467468262], "windbeutel": [-8.059877395629883, 7.113286018371582], "mondrakete": [-19.24002456665039, -0.4628843069076538], "uhr": [-12.806299209594727, -8.720084190368652], "8bit-computer": [8.7633695602417, -7.663728713989258], "symphonie": [5.431975364685059, -17.271589279174805], "liedzyklus": [8.06114673614502, -16.044118881225586], "akt": [3.412297248840332, 8.165159225463867], "kuchen": [-7.564184665679932, 7.772250175476074], "8bit-spiel": [9.536500930786133, -9.452180862426758], "plakat": [4.767892360687256, 8.7506103515625], "ofen": [21.34723472595215, 2.459991693496704], "zimmerdecke": [20.31879425048828, 0.41430795192718506], "walzwerk": [-17.983856201171875, 0.05587911978363991], "theaterst\u00fcck": [-2.7427051067352295, 19.933265686035156],